{
  "package": "me.odinclient.mixin",
  "refmap": "mixins.odinclient.refmap.json",
  "minVersion": "0.7",
  "compatibilityLevel": "JAVA_8",
  "mixins": [
    "accessors.IBlockAccessor",
    "mixins.MixinChunk",
    "mixins.MixinNetworkManager",
    "mixins.MixinRendererLivingEntity",
    "mixins.MixinS1CPacketEntityMetadata",
    "mixins.MixinSkytilsFunny",
    "mixins.MixinWorld",
    "mixins.block.MixinBlock",
    "mixins.block.MixinBlockChest",
    "mixins.block.MixinBlockCocoa",
    "mixins.block.MixinBlockCrops",
    "mixins.block.MixinBlockLever",
    "mixins.block.MixinBlockMushroom",
    "mixins.block.MixinBlockNetherWart",
    "mixins.block.MixinBlockSkull",
    "mixins.entity.MixinEntityArrow",
    "mixins.entity.MixinEntityLivingBase"
  ],
  "client": [
    "accessors.IEntityPlayerSPAccessor",
    "mixins.MixinFontRenderer",
    "mixins.MixinGuiContainer",
    "mixins.MixinGuiIngame",
    "mixins.MixinGuiScreen",
    "mixins.MixinItem",
    "mixins.MixinItemRenderer",
    "mixins.MixinLayerArmorBase",
    "mixins.MixinLayerCustomHead",
    "mixins.MixinMinecraft",
    "mixins.MixinModList",
    "mixins.MixinMouseHelper",
    "mixins.MixinNetHandlerPlayClient",
    "mixins.MixinNetworkManager",
    "mixins.MixinNetworkPlayerInfo",
    "mixins.MixinPlayerControllerMP",
    "mixins.MixinRenderDragon",
    "mixins.MixinRenderEntityItem",
    "mixins.MixinRenderGlobal",
    "mixins.MixinRenderItem",
    "mixins.MixinRenderPlayer",
    "mixins.MixinSoundManager",
    "mixins.MixinTileEntityChestRenderer",
    "mixins.block.MixinBlockButton",
    "mixins.entity.MixinEntityPlayerSP",
    "mixins.entity.MixinEntityRenderer"
  ]
}