{
  "Which of these enemies does not spawn in the Spiders Den?": [
    "Zombie Spider",
    "Cave Spider",
    "Wither Skeleton",
    "Dashing Spooder",
    "Broodfather",
    "Night Spider"
  ],
  "What is the status of Scarf?": ["Apprentice Necromancer"],
  "What is the name of the lady of the Nether?": ["Elle"],
  "What is the status of Bonzo?": ["New Necromancer"],
  "How many total Fairy Souls are there?": ["253 Fairy Souls"],
  "How many Fairy Souls are there in Backwater Bayou?": ["5 Fairy Souls"],
  "What is the status of Thorn?": ["Shaman Necromancer"],
  "How many Fairy Souls are there in Spider's Den?": ["19 Fairy Souls"],
  "What is the status of The Watcher?": ["Stalker"],
  "What is the status of Sadan?": ["Necromancer Lord"],
  "How many Fairy Souls are there in Spiders Den?": ["19 Fairy Souls"],
  "How many Fairy Souls are there in The End?": ["12 Fairy Souls"],
  "What is the status of Maxor, Storm, Goldor, and Necron?": ["The Wither Lords"],
  "How many Fairy Souls are there in The Farming Islands?": ["20 Fairy Souls"],
  "How many Fairy Souls are there in Crimson Isle?": ["29 Fairy Souls"],
  "What is the status of Livid?": ["Master Necromancer"],
  "How many Fairy Souls are there in The Park?": ["11 Fairy Souls"],
  "What is the status of The Professor?": ["Professor"],
  "How many Fairy Souls are there in Deep Caverns?": ["21 Fairy Souls"],
  "How many Fairy Souls are there in Jerry's Workshop?": ["5 Fairy Souls"],
  "Which brother is on the Spiders Den?": ["Rick"],
  "How many unique minions are there?": ["59 Minions"],
  "How many Fairy Souls are there in Hub?": ["80 Fairy Souls"],
  "Which brother is on the Spider's Den?": ["Rick"],
  "How many Fairy Souls are there in Dungeon Hub?": ["7 Fairy Souls"],
  "Which villager in the Village gives you a Rogue Sword?": ["Jamie"],
  "How many Fairy Souls are there in Gold Mine?": ["12 Fairy Souls"],
  "How many Fairy Souls are there in The Hub?": ["80 Fairy Souls"],
  "What is the name of Rick's brother?": ["Pat"],
  "Which of these is not a dragon in The End?": [
    "Zoomer Dragon",
    "Weak Dragon",
    "Stonk Dragon",
    "Holy Dragon",
    "Boomer Dragon",
    "Booger Dragon",
    "Older Dragon",
    "Elder Dragon",
    "Stable Dragon",
    "Professor Dragon"
  ],
  "What is the name of the vendor in the Hub who sells stained": ["Wool Weaver"],
  "What is the name of the person that upgrades pets?": ["Kat"],
  "Which of these enemies does not spawn in the Spider's Den?": [
    "Zombie Spider",
    "Cave Spider",
    "Wither Skeleton",
    "Dashing Spooder",
    "Broodfather",
    "Night Spider"
  ],
  "Which of these monsters only spawns at night?": ["Zombie Villager", "Ghast"]
}
