{
  "false": {
    "0": {
      "012": {
        "hardened_clay": [0.0],
        "quartz_block": [0.0, 10.0],
        "water": [0.0],
        "diamond_block": [0.0],
        "gold_block": [0.0],
        "emerald_block": [7.9]
      },
      "013": {
        "hardened_clay": [0.0, 6.5],
        "gold_block": [0.0, 11.0],
        "water": [0.0],
        "coal_block": [0.0],
        "diamond_block": [0.0, 7.6]
      },
      "014": {
        "water": [0.0],
        "hardened_clay": [3.2],
        "gold_block": [4.7],
        "quartz_block": [7.5, 12.2],
        "diamond_block": [10.0],
        "emerald_block": [11.1]
      },
      "023": {
        "gold_block": [0.0],
        "quartz_block": [0.0],
        "hardened_clay": [0.0, 10.8],
        "water": [0.0],
        "coal_block": [3.6],
        "diamond_block": [6.7, 9.6]
      },
      "024": {
        "water": [0.0],
        "hardened_clay": [2.9],
        "gold_block": [4.3],
        "coal_block": [8.5],
        "quartz_block": [9.7],
        "diamond_block": [12.5]
      },
      "034": {
        "diamond_block": [0.0, 8.4],
        "quartz_block": [0.0, 9.6],
        "gold_block": [0.0, 2.6],
        "hardened_clay": [0.0, 6.5],
        "water": [0.0],
        "emerald_block": [13.1]
      },
      "123": {
        "gold_block": [0.0, 8.7],
        "coal_block": [0.0],
        "water": [0.0],
        "hardened_clay": [10.4]
      },
      "124": {
        "water": [0.0],
        "coal_block": [2.9],
        "gold_block": [6.7],
        "hardened_clay": [10.2]
      },
      "134": {
        "emerald_block": [7.9],
        "water": [0.0],
        "coal_block": [3.2],
        "gold_block": [9.4]
      },
      "234": {
        "emerald_block": [0.0, 9.2],
        "water": [0.0],
        "coal_block": [3.1],
        "hardened_clay": [7.9]
      }
    },
    "1": {
      "012": {
        "quartz_block": [0.0, 2.2],
        "diamond_block": [0.0, 9.4],
        "water": [0.0],
        "emerald_block": [8.5]
      },
      "013": {
        "quartz_block": [0.0, 3.6],
        "emerald_block": [0.0, 4.7, 12.1],
        "water": [0.0, 7.5]
      },
      "014": {
        "water": [0.0],
        "emerald_block": [3.3, 7.8],
        "quartz_block": [4.2],
        "hardened_clay": [11.5]
      },
      "023": {
        "quartz_block": [0.0, 6.8],
        "diamond_block": [0.0, 2.8, 8.9],
        "emerald_block": [0.0, 4.6],
        "water": [0.0]
      },
      "024": {
        "emerald_block": [0.0, 5.7],
        "diamond_block": [0.0, 2.9, 8.7],
        "quartz_block": [0.0, 7.1, 12.2],
        "water": [0.0],
        "hardened_clay": [9.8]
      },
      "034": {
        "water": [0.0],
        "emerald_block": [2.9, 7.1],
        "quartz_block": [4.0],
        "hardened_clay": [12.2]
      },
      "123": {
        "quartz_block": [0.0],
        "gold_block": [0.0, 9.0],
        "diamond_block": [10.0],
        "emerald_block": [0.0],
        "hardened_clay": [0.0, 5.6],
        "water": [0.0, 6.9]
      },
      "124": {
        "quartz_block": [0.0],
        "gold_block": [0.0],
        "diamond_block": [0.0, 3.0],
        "emerald_block": [0.0],
        "water": [0.0],
        "coal_block": [8.4, 12.8],
        "hardened_clay": [11.6]
      },
      "134": {
        "quartz_block": [0.0],
        "gold_block": [0.0],
        "diamond_block": [0.0, 2.7],
        "emerald_block": [0.0],
        "water": [0.0, 4.9],
        "hardened_clay": [10.4]
      },
      "234": {
        "quartz_block": [0.0],
        "emerald_block": [0.0],
        "water": [0.0, 4.9],
        "diamond_block": [2.7],
        "hardened_clay": [10.1]
      }
    },
    "2": {
      "012": {
        "gold_block": [0.0, 3.4],
        "quartz_block": [0.0],
        "diamond_block": [0.0],
        "water": [0.0],
        "emerald_block": [9.4]
      },
      "013": {
        "water": [0.0],
        "gold_block": [3.9],
        "quartz_block": [4.6],
        "diamond_block": [11.2, 13.8]
      },
      "014": {
        "gold_block": [0.0, 7.9],
        "emerald_block": [0.0],
        "water": [0.0],
        "quartz_block": [2.9],
        "diamond_block": [4.6, 10.8]
      },
      "023": {
        "water": [0.0],
        "quartz_block": [1.7],
        "gold_block": [3.8],
        "diamond_block": [5.5, 7.4, 12.2]
      },
      "024": {
        "quartz_block": [0.0],
        "gold_block": [0.0, 2.0, 3.5],
        "emerald_block": [8.0],
        "water": [0.0],
        "diamond_block": [7.0]
      },
      "034": {
        "quartz_block": [0.0],
        "gold_block": [0.0],
        "emerald_block": [0.0, 3.2, 4.4, 10.2],
        "water": [0.0, 5.0],
        "diamond_block": [7.9, 11.9]
      },
      "123": {
        "emerald_block": [6.2, 8.0, 10.4],
        "water": [0.0, 3.8]
      },
      "124": {
        "emerald_block": [0.0, 8.1, 9.4],
        "water": [0.0],
        "gold_block": [3.6]
      },
      "134": {
        "quartz_block": [0.0],
        "diamond_block": [0.0, 5.0],
        "emerald_block": [0.0, 12.5],
        "water": [0.0],
        "gold_block": [4.0]
      },
      "234": {
        "water": [0.0, 4.1],
        "diamond_block": [10.3, 13.3],
        "emerald_block": [11.8]
      }
    },
    "3": {
      "012": {
        "gold_block": [0.0],
        "quartz_block": [0.0],
        "water": [0.0],
        "emerald_block": [8.2],
        "coal_block": [9.3]
      },
      "013": {
        "gold_block": [0.0],
        "quartz_block": [0.0],
        "water": [0.0],
        "emerald_block": [0.0, 8.1],
        "hardened_clay": [0.0, 5.6]
      },
      "014": {
        "hardened_clay": [0.0],
        "emerald_block": [0.0, 10.0],
        "gold_block": [0.0],
        "water": [0.0],
        "quartz_block": [2.9]
      },
      "023": {
        "quartz_block": [0.0],
        "gold_block": [0.0],
        "water": [0.0, 3.9],
        "emerald_block": [6.4],
        "hardened_clay": [9.2]
      },
      "024": {
        "quartz_block": [0.0, 10.5],
        "gold_block": [0.0],
        "emerald_block": [0.0],
        "water": [0.0, 4.3],
        "coal_block": [8.6]
      },
      "034":  {
        "gold_block": [0.0],
        "water": [0.0, 3.0],
        "emerald_block": [0.0],
        "quartz_block": [0.0, 1.8],
        "coal_block": [14.0]
      },
      "123": {
        "quartz_block": [0.0],
        "gold_block": [0.0],
        "water": [0.0],
        "hardened_clay": [9.2]
      },
      "124": {
        "quartz_block": [0.0, 8.7],
        "gold_block": [0.0],
        "water": [0.0],
        "coal_block": [6.8],
        "hardened_clay": [11.7],
        "emerald_block": [10.1]
      },
      "134": {
        "quartz_block": [0.0, 8.6],
        "gold_block": [0.0],
        "water": [0.0, 2.7],
        "coal_block": [10.6],
        "emerald_block": [12.6]
      },
      "234": {
        "emerald_block": [0.0],
        "coal_block": [0.0, 12.3],
        "water": [0.0, 2.5],
        "gold_block": [3.5],
        "hardened_clay": [10.6]
      }
    }
  },
  "true": {
    "0": {
      "012": {
        "water": [0.0],
        "coal_block": [1.0],
        "diamond_block":[2.0, 4.0, 5.1],
        "hardened_clay": [3.0],
        "emerald_block": [6.0]
      },
      "013": {
        "water": [0.0],
        "coal_block": [1.0],
        "diamond_block": [2.0, 4.0, 5.0, 7.7],
        "hardened_clay": [3.0, 6.7],
        "emerald_block": [6.1, 7.2]
      },
      "014": {
        "water": [0.0],
        "coal_block": [2.3],
        "diamond_block": [3.2, 4.1, 4.9],
        "hardened_clay": [6.0, 6.8],
        "emerald_block": [7.5]
      },
      "023": {
        "water": [0.0],
        "coal_block": [1.0],
        "diamond_block": [2.0, 4.0, 5.0, 6.8],
        "hardened_clay": [3.0, 5.9, 7.5]
      },
      "024": {
        "water": [0.0],
        "coal_block": [2.3],
        "diamond_block": [3.2, 4.9, 5.7],
        "hardened_clay": [4.0]
      },
      "034": {
        "water": [0.0],
        "coal_block": [2.3],
        "diamond_block": [3.2, 3.7, 5.1, 8.7],
        "hardened_clay": [6.0, 7.0]
      },
      "123": {
        "water": [0.0],
        "coal_block": [0.6],
        "diamond_block": [2.0, 2.6],
        "gold_block": [6.0],
        "hardened_clay": [6.8]
      },
      "124": {
        "water": [0.0],
        "coal_block": [2.3],
        "diamond_block": [3.2, 3.7],
        "gold_block": [6.2],
        "hardened_clay": [7.3]
      },
      "134": {
        "water": [0.0],
        "coal_block": [2.3],
        "diamond_block": [3.2, 3.7],
        "gold_block": [7.1]
      },
      "234": {
        "water": [0.0],
        "coal_block": [2.3],
        "diamond_block": [3.2, 3.7],
        "hardened_clay": [7.6]
      }
    },
    "1": {
      "012": {
        "water": [0.0],
        "quartz_block": [0.9, 2.2],
        "diamond_block": [1.4, 9.4],
        "emerald_block": [3.5, 8.5]
      },
      "013": {
        "water": [0.0],
        "coal_block": [0.6, 4.2],
        "quartz_block": [1.3],
        "emerald_block": [2.2, 8.1]
      },
      "014": {
        "water": [0.0],
        "coal_block": [0.6, 6.5],
        "quartz_block": [1.3],
        "emerald_block": [2.2, 8.3]
      },
      "023": {
        "water": [0.0],
        "emerald_block": [0.7, 1.9],
        "quartz_block": [1.3, 2.5],
        "gold_block": [5.8],
        "coal_block": [6.8, 8.5]
      },
      "024": {
        "water": [0.0],
        "quartz_block": [0.9],
        "emerald_block": [1.4, 2.0],
        "coal_block": [2.9, 3.9, 5.5],
        "gold_block": [7.1]
      },
      "034": {
        "water": [0.0],
        "emerald_block": [0.6, 4.8],
        "quartz_block": [1.2],
        "diamond_block": [1.8, 2.6, 3.8],
        "gold_block": [5.8],
        "hardened_clay": [10.0]
      },
      "123": {
        "water": [0.0],
        "emerald_block": [0.6],
        "quartz_block": [1.2],
        "diamond_block": [1.8, 2.6],
        "gold_block": [4.8],
        "coal_block": [7.2, 9.2]
      },
      "124": {
        "water": [0.0],
        "emerald_block": [0.7],
        "quartz_block": [1.4],
        "diamond_block": [2.3, 10.2],
        "coal_block": [3.5],
        "gold_block": [9.2]
      },
      "134": {
        "water": [0.0],
        "emerald_block": [0.6],
        "quartz_block": [1.2],
        "diamond_block": [1.8, 2.6],
        "coal_block": [4.2, 5.1],
        "gold_block": [6.8]
      },
      "234": {
        "water": [0.0],
        "emerald_block": [0.7],
        "quartz_block": [1.4],
        "coal_block": [4.4, 8.3],
        "gold_block": [7.1]
      }
    },
    "2": {
      "012": {
        "water": [0.0],
        "gold_block": [0.6, 2.1],
        "quartz_block": [1.3],
        "emerald_block": [4.0, 7.9]
      },
      "013": {
        "water": [0.0],
        "quartz_block": [1.0],
        "diamond_block": [2.2, 5.1, 8.1, 9.4],
        "gold_block": [3.0]
      },
      "014": {
        "water": [0.0],
        "gold_block": [0.6],
        "quartz_block": [1.3],
        "emerald_block": [3.8],
        "diamond_block": [5.7, 8.4]
      },
      "023": {
        "water": [0.0],
        "gold_block": [0.6, 2.1, 7.8],
        "quartz_block": [1.3],
        "emerald_block": [5.0, 6.5]
      },
      "024": {
        "water": [0.0],
        "gold_block": [0.6, 2.1, 8],
        "quartz_block": [1.3],
        "emerald_block": [3.2, 4.8, 9.3]
      },
      "034": {
        "water": [0.0],
        "gold_block": [0.6, 2.1, 9.1],
        "quartz_block": [1.3],
        "emerald_block": [9.6]
      },
      "123": {
        "water": [0.0],
        "emerald_block": [5.0, 7.3, 8.8]
      },
      "124": {
        "water": [0.0],
        "emerald_block": [5.1, 8.9, 9.7],
        "gold_block": [7.0],
        "diamond_block": [8.0]
      },
      "134": {
        "water": [0.0],
        "emerald_block": [1.3, 4.8, 8, 9.4, 10.5],
        "gold_block": [6.5]
      },
      "234": {
        "water": [0.0],
        "gold_block": [0.9, 2.7, 3.3],
        "emerald_block": [1.7, 6, 8.6]
      }
    },
    "3": {
      "012": {
        "water": [0.0],
        "gold_block": [0.7],
        "quartz_block": [1.4],
        "emerald_block": [3.9, 7.8],
        "hardened_clay": [5.9]
      },
      "013": {
        "water": [0.0],
        "gold_block": [0.7],
        "quartz_block": [1.4],
        "emerald_block": [4.0, 8.4]
      },
      "014": {
        "water": [0.0],
        "coal_block": [0.6, 1.8],
        "gold_block": [1.2],
        "quartz_block": [4.3],
        "emerald_block": [2.6, 7.8],
        "hardened_clay": [3.3]
      },
      "023": {
        "water": [0.0],
        "gold_block": [0.7],
        "quartz_block": [1.4],
        "emerald_block": [5.0],
        "hardened_clay": [9.3]
      },
      "024": {
        "water": [0.0],
        "coal_block": [0.6, 1.8, 5.0, 6.5],
        "gold_block": [1.2],
        "emerald_block": [2.6],
        "hardened_clay": [3.3, 7.9, 9.0]
      },
      "034": {
        "water": [0.0],
        "coal_block": [0.6, 1.8],
        "gold_block": [1.2],
        "emerald_block": [2.6, 3.9, 8.3, 9.1],
        "hardened_clay": [3.3]
      },
      "123": {
        "water": [0.0],
        "coal_block": [0.6, 1.8],
        "gold_block": [1.2],
        "emerald_block": [2.6, 6.0],
        "hardened_clay": [3.2, 5.3, 8.5],
        "quartz_block": [4.1, 7.2]
      },
      "124": {
        "water": [0.0],
        "coal_block": [0.6, 1.8, 6.9],
        "gold_block": [1.2],
        "emerald_block": [2.5, 8.4, 9.2],
        "hardened_clay": [3.3]
      },
      "134": {
        "water": [0.0],
        "coal_block": [0.6, 1.8],
        "gold_block": [1.2],
        "emerald_block": [2.8, 6.3, 8.3],
        "hardened_clay": [3.2],
        "diamond_block": [4.8]
      },
      "234": {
        "water": [0.0],
        "coal_block": [0.6, 6.5],
        "gold_block": [1.2],
        "emerald_block": [2.2, 7.4, 8.6],
        "hardened_clay": [2.5, 8.0, 9.2]
      }
    }
  }
}